rayon;angle;stylo
19.0;117;1
19.221758029028017;114;1
19.492591624618363;111;1
19.81048812000645;108;1
20.17322273839328;105;1
20.578424539888246;103;1
21.023638177681278;100;1
21.50637888393527;98;1
22.02417916663029;96;1
22.57462664186105;93;1
23.155393170191473;91;1
23.76425598465083;89;1
24.39911180623205;88;1
25.05798507767828;86;1
25.73903145350303;84;1
26.440537607371482;83;1
27.160918293761146;81;1
27.89871145671513;80;1
28.652572033254938;78;1
29.421264964100615;77;1
30.203657805734412;76;1
30.998713237731735;75;1
31.805481677463778;74;1
32.62309414919099;73;1
33.450755504018304;72;1
34.28773804880366;71;1
35.133375613628154;70;1
35.98705806681509;69;1
36.848226271986235;68;1
37.716367471825905;67;1
38.5910110769238;67;1
39.47172483436515;66;1
40.35811134891669;65;1
41.24980492916801;65;1
42.14646873141812;64;1
43.04779217513405;63;1
43.953488605226724;63;1
44.86329317802245;62;1
45.776960949540225;62;1
46.69426514643317;61;1
47.61499560166114;61;1
48.53895733859715;60;1
49.465969288807365;60;1
50.39586313017616;60;1
51.32848223336436;59;1
52.263680705795004;59;1
53.20132252345718;58;1
54.141280741811705;58;1
55.083436777978626;58;1
56.02767975719322;57;1
56.97390591724222;57;1
57.92201806524071;57;1
58.87192508169333;56;1
59.823541467302704;56;1
60.77678692845484;56;1
61.73158599772605;55;1
62.68786768612911;55;1
63.64556516414754;55;1
64.60461546890443;55;1
65.56495923507768;54;1
66.52654044741035;54;1
67.48930621287784;54;1
68.45320655076276;54;1
69.4181941990594;53;1
70.38422443578105;53;1
71.35125491388085;53;1
72.31924550861929;53;1
73.28815817632088;53;1
74.25795682356232;52;1
75.22860718592229;52;1
76.20007671550395;52;1
77.17233447651243;52;1
78.14535104823491;52;1
79.11909843482904;51;1
80.09354998137866;51;1
81.06868029572314;51;1
82.04446517560993;51;1
83.02088154075884;51;1
83.99790736946181;51;1
84.97552163937449;50;1
85.95370427218391;50;1
86.93243608186437;50;1
87.91169872625574;50;1
88.89147466172226;50;1
89.87174710066786;50;1
90.8524999717032;50;1
91.83371788227565;50;1
92.8153860835885;49;1
93.7974904376494;49;1
94.78001738630039;49;1
95.76295392209356;49;1
96.74628756088657;49;1
97.73000631604215;49;1
98.71409867412382;49;1
99.69855357198922;49;1
100.68336037518858;48;1
101.66850885758345;48;1
102.6539891821067;48;1
103.63979188259101;48;1
104.62590784659702;48;1
105.61232829917907;48;1
106.59904478752932;48;1
107.58604916644595;48;1
108.57333358457453;48;1
109.56089047137584;48;1
110.54871252477552;48;1
111.5367926994552;47;1
112.52512419574647;47;1
113.51370044909216;47;1
114.50251512004188;47;1
115.49156208475036;47;1
116.48083542594983;47;1
117.47032942436917;47;1
118.4600385505743;47;1
119.44995745720641;47;1
120.4400809715953;47;1
121.4304040887272;47;1
122.4209219645476;47;1
123.41162990958054;46;1
124.40252338284712;46;1
125.39359798606752;46;1
126.38484945813062;46;1
127.37627366981773;46;1
128.3678666187664;46;1
129.3596244246621;46;1
130.35154332464575;46;1
131.34361966892607;46;1
132.3358499165859;46;1
133.328230631573;46;1
134.32075847886594;46;1
135.31343022080583;46;1
136.30624271358622;46;1
137.2991929038929;46;1
138.29227782568643;46;1
139.28549459712036;45;1
140.27884041758819;45;1
141.27231256489375;45;1
142.26590839253808;45;1
143.25962532711782;45;1
144.25346086582968;45;1
145.24741257407604;45;1
146.24147808316698;45;1
147.23565508811404;45;1
148.22994134551192;45;1
149.2243346715034;45;1
150.21883293982464;45;1
151.21343407992615;45;1
152.20813607516695;45;1
153.20293696107797;45;1
154.1978348236922;45;1
155.192827797938;45;1
156.18791406609327;45;1
157.1830918562979;45;1
158.17835944112127;45;1
159.17371513618343;45;1
160.1691572988268;44;1
161.16468432683666;44;1
162.16029465720834;44;1
163.15598676495904;44;1
164.15175916198243;44;1
165.1476103959443;44;1
166.14353904921754;44;1
167.1395437378548;44;1
168.1356231105973;44;1
169.13177584791833;44;1
170.12800066110017;44;1
171.12429629134272;44;1
172.1206615089029;44;1
173.11709511226366;44;1
174.113595927331;44;1
175.11016280665834;44;1
176.1067946286969;44;1
177.10349029707115;44;1
178.10024873987874;44;1
179.09706890901288;44;1
180.09394977950782;44;1
181.09089034890513;44;1
182.0878896366412;44;1
183.08494668345404;44;1
184.08206055080956;44;1
185.07923032034626;44;1
186.07645509333727;44;1
187.07373399016998;44;1
188.0710661498417;43;1
189.06845072947135;43;1
190.0658869038262;43;1
191.06337386486382;43;1
192.06091082128745;43;1
193.05849699811574;43;1
194.05613163626535;43;1
195.05381399214616;43;1
196.0515433372691;43;1
197.04931895786544;43;1
198.04714015451773;43;1
199.04500624180187;43;1
200.0429165479394;43;1
201.04087041446041;43;1
202.03886719587652;43;1
203.03690625936295;43;1
204.0349869844502;43;1
205.0331087627248;43;1
206.03127099753826;43;1
207.0294731037247;43;1
208.0277145073268;43;1
209.0259946453287;43;1
210.02431296539746;43;1
211.02266892563134;43;1
212.02106199431492;43;1
213.01949164968167;43;1
214.01795737968249;43;1
215.0164586817612;43;1
216.01499506263582;43;1
217.01356603808617;43;1
218.01217113274691;43;1
219.01080987990662;43;1
220.009481821312;43;1
221.00818650697752;43;1
222.00692349500014;43;1
223.00569235137894;43;1
224.00449264983953;43;1
225.00332397166338;43;1
226.00218590552112;43;1
227.0010780473108;43;1
228.0;43;1
227.29248481454812;42;1
226.5871780720484;42;1
225.8841004596112;42;1
225.18327285691598;42;1
224.48471633714348;42;1
223.78845216787718;41;1
223.09450181197144;41;1
222.40288692838536;41;1
221.71362937298102;41;1
221.02675119928352;41;1
220.34227465920233;40;1
219.66022220371104;40;1
218.98061648348474;40;1
218.3034803494927;40;1
217.62883685354436;40;1
216.95670924878743;40;1
216.28712099015542;39;1
215.62009573476294;39;1
214.95565734224704;39;1
214.29382987505196;39;1
213.63463759865544;39;1
212.9781049817351;38;1
212.32425669627122;38;1
211.6731176175854;38;1
211.02471282431168;38;1
210.379067598298;37;1
209.73620742443651;37;1
209.09615799041896;37;1
208.45894518641603;37;1
207.8245951046775;37;1
207.1931340390508;36;1
206.5645884844156;36;1
205.93898513603207;36;1
205.31635088879963;36;1
204.6967128364242;36;1
204.08009827049116;35;1
203.46653467944083;35;1
202.85604974744498;35;1
202.24867135318;35;1
201.64442756849573;34;1
201.04334665697598;34;1
200.44545707238836;34;1
199.85078745702089;34;1
199.25936663990217;34;1
198.6712236349028;33;1
198.08638763871468;33;1
197.50488802870598;33;1
196.92675436064857;33;1
196.35201636631527;32;1
195.78070395094412;32;1
195.21284719056706;32;1
194.64847632919998;32;1
194.08762177589162;31;1
193.5303141016284;31;1
192.97658403609313;31;1
192.42646246427407;31;1
191.8799804229222;30;1
191.33716909685455;30;1
190.79805981510032;30;1
190.26268404688778;30;1
189.73107339746986;29;1
189.2032596037851;29;1
188.67927452995335;29;1
188.15915016260217;29;1
187.64291860602364;28;1
187.13061207715842;28;1
186.62226290040545;28;1
186.11790350225613;28;1
185.61756640575047;27;1
185.12128422475416;27;1
184.6290896580553;27;1
184.14101548327903;26;1
183.65709455061946;26;1
183.17735977638756;26;1
182.70184413637438;26;1
182.2305806590292;25;1
181.76360241845123;25;1
181.3009425271961;25;1
180.84263412889533;25;1
180.3887103906902;24;1
179.93920449547977;24;1
179.49414963398345;24;1
179.05357899661928;23;1
178.61752576519837;23;1
178.1860231044371;23;1
177.75910415328846;23;1
177.33680201609397;22;1
176.91914975355814;22;1
176.50618037354823;22;1
176.09792682172076;21;1
175.69442197197858;21;1
175.29569861676072;21;1
174.90178945716855;20;1
174.51272709293212;20;1
174.1285440122201;20;1
173.74927258129776;20;1
173.37494503403755;19;1
173.00559346128648;19;1
172.6412498000965;19;1
172.28194582282168;18;1
171.92771312608969;18;1
171.5785831196519;18;1
171.23458701511964;17;1
170.89575581459258;17;1
170.56212029918626;17;1
170.2337110174665;16;1
169.91055827379736;16;1
169.59269211661115;16;1
169.28014232660843;15;1
168.97293840489647;15;1
168.67110956107462;15;1
168.37468470127604;14;1
168.08369241617456;14;1
167.79816096896653;14;1
167.5181182833374;13;1
167.2435919314226;13;1
166.9746091217739;13;1
166.71119668734048;13;1
166.45338107347666;12;1
166.2011883259862;12;1
165.95464407921463;12;1
165.71377354420082;11;1
165.47860149689896;11;1
165.24915226648304;10;1
165.0254497237444;10;1
164.80751726959497;10;1
164.59537782368793;9;1
164.38905381316695;9;1
164.18856716155665;9;1
163.99393927780585;8;1
163.8051910454956;8;1
163.62234281222396;8;1
163.44541437917903;7;1
163.27442499091254;7;1
163.10939332532533;7;1
162.9503374838764;6;1
162.79727498202703;6;1
162.65022273993117;6;1
162.50919707338315;5;1
162.37421368503414;5;1
162.2452876558871;5;1
162.12243343708155;4;1
162.00566484197805;4;1
161.89499503855168;4;1
161.79043654210528;3;1
161.6920012083106;3;1
161.5997002265864;3;1
161.51354411382303;2;1
161.43354270845975;2;1
161.35970516492432;1;1
161.29203994844107;1;1
161.2305548302141;1;1
161.17525688299315;0;1
161.12615247702638;0;1
161.0832472764069;0;1
161.04654623581698;359;1
161.0160535976745;359;1
160.991772889686;359;1
160.97370692280847;358;1
160.96185778962425;358;1
160.95622686312944;358;1
160.95681479593878;357;1
160.96362151990758;357;1
160.97664624617124;356;1
160.99588746560215;356;1
161.0213429496838;356;1
161.0530097518004;355;1
161.09088420894062;355;1
161.13496194381315;355;1
161.1852378673707;354;1
161.24170618174014;354;1
161.30436038355356;354;1
161.37319326767695;353;1
161.44819693133056;353;1
161.5293627785962;353;1
161.61668152530532;352;1
161.7101432043011;352;1
161.80973717106812;352;1
161.9154521097221;351;1
162.0272760393516;351;1
162.14519632070437;350;1
162.26919966320855;350;1
162.3992721323212;350;1
162.53539915719332;349;1
162.67756553864328;349;1
162.82575545742748;349;1
162.9799524827988;348;1
163.14013958134186;348;1
163.30629912607486;348;1
163.47841290580644;347;1
163.65646213473707;347;1
163.840427462293;347;1
164.03028898318178;346;1
164.2260262476577;346;1
164.42761827198478;346;1
164.63504354908682;345;1
164.84828005937115;345;1
165.06730528171528;345;1
165.2920962046041;344;1
165.52262933740562;344;1
165.75888072177378;344;1
166.00082594316592;343;1
166.24844014246352;343;1
166.50169802768457;343;1
166.76057388577564;342;1
167.0250415944722;342;1
167.2950746342166;342;1
167.57064610012102;341;1
167.8517287139661;341;1
168.13829483622322;341;1
168.43031647809002;340;1
168.72776531352915;340;1
169.03061269129967;340;1
169.33882964697113;339;1
169.65238691491098;339;1
169.97125494023504;339;1
170.295403890713;338;1
170.62480366861888;338;1
170.95942392251848;338;1
171.2992340589853;337;1
171.6442032542364;337;1
171.9943004656817;337;1
172.34949444337735;336;1
172.7097537413776;336;1
173.0750467289777;336;1
173.44534160184094;336;1
173.8206063930044;335;1
174.20080898375647;335;1
174.58591711438135;335;1
174.97589839476476;334;1
175.3707203148559;334;1
175.77035025498117;334;1
176.17475549600488;333;1
176.5839032293329;333;1
176.99776056675603;333;1
177.41629455012847;333;1
177.83947216087938;332;1
178.26726032935326;332;1
178.69962594397785;332;1
179.13653586025595;331;1
179.57795690957988;331;1
180.02385590786585;331;1
180.4741996640078;331;1
180.92895498814786;330;1
181.38808869976353;330;1
181.85156763557012;330;1
182.31935865723733;329;1
182.7914286589208;329;1
183.26774457460672;329;1
183.74827338527086;329;1
184.2329821258511;328;1
184.72183789203447;328;1
185.21480784685912;328;1
185.7118592271312;327;1
186.21295934965863;327;1
186.71807561730182;327;1
187.2271755248426;327;1
187.74022666467351;326;1
188.25719673230748;326;1
188.77805353171073;326;1
189.3027649804596;326;1
189.83129911472398;325;1
190.36362409407806;325;1
190.8997082061418;325;1
191.439519871054;325;1
191.98302764577986;324;1
192.53020022825464;324;1
193.0810064613668;324;1
193.63541533678153;324;1
194.1933959986085;323;1
194.75491774691557;323;1
195.319950041091;323;1
195.88846250305735;323;1
196.46042492033888;322;1
197.0358072489858;322;1
197.61457961635784;322;1
198.19671232376982;322;1
198.78217584900182;321;1
199.3709408486773;321;1
199.96297816051106;321;1
200.55825880543105;321;1
201.15675398957524;321;1
201.75843510616772;320;1
202.3632737372764;320;1
202.97124165545475;320;1
203.5823108252707;320;1
204.1964534047255;319;1
204.8136417465651;319;1
205.43384839948695;319;1
206.05704610924477;319;1
206.6832078196543;319;1
207.31230667350266;318;1
207.94431601336302;318;1
208.57920938231916;318;1
209.2169605246005;318;1
209.8575433861317;317;1
210.50093211499808;317;1
211.14710106183057;317;1
211.79602478011174;317;1
212.44767802640612;317;1
213.10203576051617;316;1
213.75907314556753;316;1
214.41876554802477;316;1
215.0810885376409;316;1
215.74601788734185;316;1
216.41352957304886;315;1
217.08359977344108;315;1
217.75620486965963;315;1
218.4313214449562;315;1
219.10892628428755;315;1
219.78899637385834;314;1
220.47150890061388;314;1
221.15644125168495;314;1
221.84377101378675;314;1
222.53347597257346;314;1
223.22553411195005;314;1
223.919923613344;313;1
224.61662285493745;313;1
225.31561041086255;313;1
226.01686505036068;313;1
226.72036573690787;313;1
227.42609162730776;312;1
228.13402207075313;312;1
228.84413660785836;312;1
229.55641496966356;312;1
230.27083707661203;312;1
230.98738303750227;312;1
231.70603314841625;311;1
232.42676789162454;311;1
233.14956793447044;311;1
233.87441412823327;311;1
234.60128750697302;311;1
235.3301692863571;311;1
236.06104086246955;310;1
236.7938838106055;310;1
237.52867988405004;310;1
238.26541101284403;310;1
239.00405930253663;310;1
239.74460703292655;310;1
240.48703665679207;309;1
241.23133079861154;309;1
241.97747225327402;309;1
242.7254439847826;309;1
243.47522912494944;309;1
244.22681097208476;309;1
244.9801729896793;308;1
245.735298805082;308;1
246.49217220817306;308;1
247.25077715003312;308;1
248.01109774160918;308;1
248.77311825237803;308;1
249.53682310900788;308;1
250.3021968940183;307;1
251.0692243444395;307;1
251.83789035047135;307;1
252.60817995414277;307;1
253.38007834797133;307;1
254.15357087362472;307;1
254.9286430205834;307;1
255.70528042480564;306;1
256.4834688673949;306;1
257.26319427327013;306;1
258.0444427098396;306;1
258.8272003856783;306;1
259.611453649209;306;1
260.39718898738846;306;1
261.1843930243976;305;1
261.97305252033703;305;1
262.7631543699278;305;1
263.5546856012177;305;1
264.34763337429354;305;1
265.14198497999917;305;1
265.9377278386601;305;1
266.73484949881475;305;1
267.53333763595236;304;1
268.3331800512575;304;1
269.1343646703624;304;1
269.9368795421064;304;1
270.74071283730245;304;1
271.54585284751204;304;1
272.35228798382735;304;1
273.16000677566177;304;1
273.96899786954816;303;1
274.7792500279459;303;1
275.5907521280554;303;1
276.4034931606421;303;1
277.2174622288682;303;1
278.03264854713336;303;1
278.8490414399242;303;1
279.66663034067244;303;1
280.485404790622;302;1
281.3053544377049;302;1
282.1264690354265;302;1
282.94873844175936;302;1
283.7721526180464;302;1
284.59670162791315;302;1
285.42237563618943;302;1
286.2491649078397;302;1
287.07705980690304;302;1
287.9060507954421;301;1
288.7361284325019;301;1
289.56728337307675;301;1
290.39950636708767;301;1
291.2327882583684;301;1
292.0671199836607;301;1
292.90249257161923;301;1
293.73889714182536;301;1
294.57632490381025;301;1
295.41476715608775;300;1
296.2542152851953;300;1
297.09466076474536;300;1
297.93609515448503;300;1
298.77851009936546;300;1
299.6218973286196;300;1
300.46624865484984;300;1
301.3115559731243;300;1
302.1578112600821;300;1
303.00500657304747;299;1
303.85313404915314;299;1
304.7021859044725;299;1
305.55215443316024;299;1
306.403032006602;299;1
307.25481107257343;299;1
308.1074841544064;299;1
308.9610438501653;299;1
309.8154828318313;299;1
310.67079384449494;299;1
311.52696970555786;299;1
312.38400330394234;298;1
313.2418875993092;298;1
314.1006156212848;298;1
314.960180468695;298;1
315.82057530880843;298;1
316.6817933765872;298;1
317.54382797394635;298;1
318.4066724690203;298;1
319.2703202954382;298;1
320.1347649516064;298;1
321.0;298;1
320.0181707340906;298;1
319.03646280495235;298;1
318.05487733613916;298;1
317.07341546497696;298;1
316.09207834277316;298;1
315.1108671350298;298;1
314.1297830216606;298;1
313.148827197212;298;1
312.16800087108817;298;1
311.1873052677802;298;1
310.20674162709963;298;1
309.22631120441594;298;1
308.24601527089857;298;1
307.2658551137636;298;1
306.2858320365248;298;1
305.30594735924944;298;1
304.32620241881887;298;1
303.3465985691938;298;1
302.36713718168505;298;1
301.38781964522855;298;1
300.40864736666674;298;1
299.4296217710339;298;1
298.4507443018481;298;1
297.47201642140794;298;1
296.49343961109537;298;1
295.51501537168417;298;1
294.53674522365424;299;1
293.5586307075121;299;1
292.58067338411763;299;1
291.602874835017;299;1
290.625236662782;299;1
289.6477604913563;299;1
288.6704479664081;299;1
287.69330075569013;299;1
286.71632054940613;299;1
285.7395090605852;299;1
284.76286802546304;299;1
283.7863992038711;299;1
282.81010437963334;299;1
281.8339853609708;299;1
280.85804398091454;299;1
279.8822820977265;299;1
278.9067015953291;299;1
277.93130438374357;299;1
276.9560923995371;299;1
275.9810676062786;299;1
275.0062319950046;299;1
274.0315875846941;299;1
273.0571364227532;300;1
272.0828805855099;300;1
271.1088221787188;300;1
270.1349633380769;300;1
269.16130622974896;300;1
268.18785305090506;300;1
267.2146060302685;300;1
266.24156742867547;300;1
265.2687395396467;300;1
264.29612468997044;300;1
263.32372524029915;300;1
262.3515435857569;300;1
261.37958215656136;300;1
260.40784341865844;300;1
259.4363298743702;300;1
258.4650440630573;300;1
257.49398856179505;300;1
256.5231659860648;300;1
255.55257899045952;300;1
254.58223026940536;301;1
253.6121225578987;301;1
252.64225863225911;301;1
251.67264131089928;301;1
250.7032734551116;301;1
249.7341579698719;301;1
248.76529780466163;301;1
247.79669595430778;301;1
246.82835545984156;301;1
245.86027940937666;301;1
244.8924709390066;301;1
243.92493323372307;301;1
242.95766952835405;301;1
241.99068310852408;301;1
241.02397731163586;301;1
240.05755552787414;301;1
239.09142120123298;301;1
238.12557783056616;302;1
237.16002897066198;302;1
236.19477823334293;302;1
235.22982928859054;302;1
234.26518586569676;302;1
233.30085175444182;302;1
232.33683080629993;302;1
231.37312693567296;302;1
230.40974412115344;302;1
229.44668640681735;302;1
228.48395790354726;302;1
227.52156279038724;302;1
226.55950531592995;302;1
225.59778979973683;302;1
224.63642063379262;302;1
223.6754022839945;303;1
222.71473929167757;303;1
221.75443627517728;303;1
220.79449793142942;303;1
219.83492903760978;303;1
218.87573445281333;303;1
217.91691911977503;303;1
216.95848806663295;303;1
216.00044640873458;303;1
215.0427993504887;303;1
214.08555218726238;303;1
213.12871030732614;303;1
212.17227919384723;303;1
211.21626442693312;304;1
210.2606716857269;304;1
209.30550675055474;304;1
208.35077550512884;304;1
207.3964839388057;304;1
206.44263814890215;304;1
205.48924434307125;304;1
204.53630884173816;304;1
203.58383808059997;304;1
202.63183861318933;304;1
201.6803171135048;304;1
200.72928037870983;304;1
199.778735331902;305;1
198.8286890249548;305;1
197.87914864143426;305;1
196.93012149959196;305;1
195.981615055438;305;1
195.03363690589453;305;1
194.0861947920339;305;1
193.13929660240282;305;1
192.19295037643585;305;1
191.24716430796025;305;1
190.30194674879536;306;1
189.35730621244943;306;1
188.41325137791645;306;1
187.46979109357622;306;1
186.52693438120107;306;1
185.5846904400718;306;1
184.64306865120676;306;1
183.70207858170744;306;1
182.76172998922388;306;1
181.8220328265437;306;1
180.88299724630863;307;1
179.94463360586238;307;1
179.00695247223388;307;1
178.0699646272603;307;1
177.1336810728538;307;1
176.19811303641652;307;1
175.2632719764091;307;1
174.3291695880763;307;1
173.39581780933582;307;1
172.46322882683458;308;1
171.53141508217794;308;1
170.6003892783376;308;1
169.67016438624333;308;1
168.74075365156435;308;1
167.81217060168677;308;1
166.88442905289253;308;1
165.95754311774687;308;1
165.0315272127004;309;1
164.10639606591317;309;1
163.1821647253064;309;1
162.25884856685107;309;1
161.33646330309887;309;1
160.41502499196463;309;1
159.49455004576703;309;1
158.57505524053693;310;1
157.65655772560044;310;1
156.73907503344668;310;1
155.82262508988822;310;1
154.90722622452415;310;1
153.9928971815146;310;1
153.07965713067742;310;1
152.16752567891604;311;1
151.2565228819901;311;1
150.34666925663834;311;1
149.43798579306605;311;1
148.53049396780722;311;1
147.62421575697402;311;1
146.71917364990512;312;1
145.81539066322526;312;1
144.91289035532893;312;1
144.01169684130093;312;1
143.11183480828743;312;1
142.21332953133094;312;1
141.31620688968368;313;1
140.42049338361352;313;1
139.52621615171685;313;1
138.63340298875437;313;1
137.74208236402453;313;1
136.8522834402907;314;1
135.96403609327803;314;1
135.07737093175655;314;1
134.19231931822728;314;1
133.30891339022835;314;1
132.4271860822782;315;1
131.54717114847378;315;1
130.66890318576174;315;1
129.79241765789973;315;1
128.91775092012733;315;1
128.04494024456372;316;1
127.17402384635155;316;1
126.30504091056495;316;1
125.4380316199006;316;1
124.57303718317006;317;1
123.71009986461227;317;1
122.84926301404424;317;1
121.99057109786763;317;1
121.13406973094963;318;1
120.27980570939508;318;1
119.42782704422655;318;1
118.57818299598854;318;1
117.73092411029141;319;1
116.88610225430926;319;1
116.04377065424531;319;1
115.20398393377691;319;1
114.36679815349102;320;1
113.53227085131957;320;1
112.70046108398141;320;1
111.87142946943709;320;1
111.04523823035838;321;1
110.22195123861425;321;1
109.40163406076924;321;1
108.58435400458977;322;1
107.77018016654824;322;1
106.95918348031208;322;1
106.1514367661995;323;1
105.34701478158003;323;1
104.54599427219114;323;1
103.7484540243381;324;1
102.95447491793628;324;1
102.16413998034896;324;1
101.37753444096627;325;1
100.59474578646173;325;1
99.815863816655;325;1
99.04098070089861;326;1
98.27019103489681;326;1
97.50359189785296;326;1
96.74128290982911;327;1
95.98336628918956;327;1
95.22994690998445;328;1
94.48113235911592;328;1
93.73703299311164;328;1
92.9977619943148;329;1
92.26343542627994;329;1
91.53417228814622;330;1
90.81009456773701;330;1
90.09132729311541;331;1
89.37799858230065;331;1
88.67023969082761;331;1
87.96818505680623;332;1
87.27197234311134;332;1
86.58174247630772;333;1
85.89763968188612;333;1
85.21981151535836;334;1
84.54840888872998;334;1
83.88358609184;335;1
83.22550080802749;335;1
82.57431412355439;336;1
81.93019053018543;336;1
81.29329792029677;337;1
80.66380757385781;338;1
80.0418941366032;338;1
79.42773558868858;339;1
78.82151320310116;339;1
78.22341149307712;340;1
77.63361814776175;340;1
77.05232395533764;341;1
76.47972271283875;342;1
75.9160111218688;342;1
75.361388669446;343;1
74.81605749321132;344;1
74.28022223025648;344;1
73.75408984885973;345;1
73.23786946245536;345;1
72.73177212521522;346;1
72.23601060868052;347;1
71.75079915895832;348;1
71.27635323408133;348;1
70.81288922123214;349;1
70.36062413364488;350;1
69.91977528712603;350;1
69.49055995627714;351;1
69.07319501065727;352;1
68.66789653129202;353;1
68.27487940811584;353;1
67.89435691912759;354;1
67.52654029224074;355;1
67.17163825102028;356;1
66.82985654571502;357;1
66.50139747121378;357;1
66.18645937377573;358;1
65.88523614860289;359;1
65.59791673053701;0;1
65.32468458036641;1;1
65.06571716941917;2;1
64.82118546529317;2;1
64.59125342172588;3;1
64.37607747573544;4;1
64.17580605526325;5;1
63.9905791006163;6;1
63.82052760303926;7;1
63.665773163741235;8;1
63.5264275766567;9;1
63.40259243813346;10;1
63.29435878661309;10;1
63.20180677519866;11;1
63.1250053797953;12;1
63.06401214525933;13;1
63.01887297170782;14;1
62.98962194282221;15;1
62.97628119763575;16;1
62.9788608469247;17;1
62.99735893493882;18;1
63.0317614468081;19;1
63.0820423615606;20;1
63.148163750284326;20;1
63.2300759185715;21;1
63.327717592003154;22;1
63.44101614307018;23;1
63.56988785759081;24;1
63.71423823837689;25;1
63.87396234362811;26;1
64.04894515729661;27;1
64.23906198846734;28;1
64.44417889664285;28;1
64.6641531397069;29;1
64.89883364126827;30;1
65.14806147405433;31;1
65.41167035602976;32;1
65.68948715596154;33;1
65.98133240522783;34;1
66.28702081277827;34;1
66.6063617802896;35;1
66.93915991472065;36;1
67.28521553564987;37;1
67.64432517497511;38;1
68.01628206676158;38;1
68.40087662524054;39;1
68.79789690917939;40;1
69.2071290710673;41;1
69.62835778977744;41;1
70.0613666855832;42;1
70.50593871661326;43;1
70.96185655602943;44;1
71.42890294939977;44;1
71.9068610519166;45;1
72.39551474527342;46;1
72.89464893416499;46;1
73.40404982251195;47;1
73.92350516963506;48;1
74.4528045267128;48;1
74.99173945395152;49;1
75.54010371898087;50;1
76.09769347705634;50;1
76.664307433709;51;1
77.23974699052991;52;1
77.82381637481221;52;1
78.41632275380239;53;1
79.0170763343286;53;1
79.62589044858665;54;1
80.24258162686519;54;1
80.86696965799156;55;1
81.49887763826884;56;1
82.13813200966469;56;1
82.78456258799275;57;1
83.4380025818096;57;1
84.09828860272634;58;1
84.76526066780788;58;1
85.43876219470869;59;1
86.1186399901621;59;1
86.8047442324145;60;1
87.49692844816472;60;1
88.19504948453859;61;1
88.89896747660094;61;1
89.60854581087622;62;1
90.32365108532004;62;1
91.04415306615776;62;1
91.76992464197566;63;1
92.50084177542608;63;1
93.23678345288154;64;1
93.97763163234778;64;1
94.72327118992227;65;1
95.47358986506408;65;1
96.22847820491585;65;1
96.98782950790303;66;1
97.75153976681268;66;1
98.51950761153877;66;1
99.29163425166253;67;1
100.06782341902125;67;1
100.84798131040347;68;1
101.63201653049674;68;1
102.4198400351974;68;1
103.2113650753844;69;1
104.00650714124454;69;1
104.8051839072276;69;1
105.60731517770179;70;1
106.41282283336766;70;1
107.2216307784839;70;1
108.03366488895014;71;1
108.84885296128299;71;1
109.66712466251964;71;1
110.48841148107282;71;1
111.31264667855883;72;1
112.13976524261625;72;1
112.96970384072492;72;1
113.80240077503504;73;1
114.63779593821104;73;1
115.47583077029022;73;1
116.31644821655745;73;1
117.15959268642958;74;1
118.005210013345;74;1
118.85324741565056;74;1
119.7036534584748;74;1
120.55637801657774;75;1
121.4113722381638;75;1
122.26858850964351;75;1
123.12798042133103;75;1
123.98950273405985;76;1
124.85311134670124;76;1
125.71876326456889;76;1
126.58641656869143;76;1
127.45603038593507;77;1
128.3275648599596;77;1
129.20098112298706;77;1
130.07624126836689;77;1
130.95330832391716;77;1
131.83214622602492;78;1
132.71271979448588;78;1
133.59499470806549;78;1
134.4789374807629;78;1
135.36451543876055;78;1
136.2516966980394;79;1
137.14045014264465;79;1
138.03074540358213;79;1
138.92255283832924;79;1
139.81584351094423;79;1
140.7105891727553;80;1
141.6067622436146;80;1
142.5043357937009;80;1
143.40328352585485;80;1
144.30357975843205;80;1
145.20519940865833;80;1
146.1081179764727;81;1
147.01231152884475;81;1
147.91775668455068;81;1
148.82443059939573;81;1
149.73231095186972;81;1
150.64137592922145;81;1
151.5516042139417;82;1
152.46297497064018;82;1
153.37546783330595;82;1
154.28906289293957;82;1
155.20374068554557;82;1
156.11948218047374;82;1
157.0362687691002;83;1
157.95408225383557;83;1
158.8729048374531;83;1
159.7927191127243;83;1
160.71350805235437;83;1
161.63525499920783;83;1
162.55794365681527;83;1
163.48155808015252;84;1
164.40608266668494;84;1
165.33150214766695;84;1
166.25780157969052;84;1
167.18496633647445;84;1
168.11298210088663;84;1
169.0418348571931;84;1
169.97151088352632;84;1
170.90199674456534;85;1
171.8332792844237;85;1
172.76534561973548;85;1
173.69818313293655;85;1
174.63177946573268;85;1
175.56612251275013;85;1
176.5012004153634;85;1
177.4370015556935;85;1
178.3735145507726;86;1
179.31072824686976;86;1
180.24863171397294;86;1
181.18721424042238;86;1
182.12646532769097;86;1
183.06637468530664;86;1
184.00693222591408;86;1
184.94812806046943;86;1
185.88995249356552;86;1
186.83239601888354;86;1
187.7754493147663;87;1
188.71910323991156;87;1
189.66334882917957;87;1
190.60817728951267;87;1
191.55357999596382;87;1
192.49954848783034;87;1
193.44607446488945;87;1
194.3931497837339;87;1
195.3407664542028;87;1
196.28891663590738;87;1
197.2375926348464;88;1
198.18678690010998;88;1
199.13649202066955;88;1
200.0867007222504;88;1
201.03740586428484;88;1
201.9886004369444;88;1
202.94027755824757;88;1
203.89243047124168;88;1
204.8450525412569;88;1
205.7981372532294;88;1
206.75167820909314;88;1
207.7056691252369;89;1
208.6601038300253;89;1
209.61497626138282;89;1
210.5702804644374;89;1
211.52601058922315;89;1
212.4821608884405;89;1
213.43872571527086;89;1
214.3956995212468;89;1
215.35307685417337;89;1
216.31085235610072;89;1
217.2690207613472;89;1
218.22757689456944;89;1
219.1865156688803;89;1
220.14583208401208;90;1
221.10552122452376;90;1
222.06557825805243;90;1
223.0259984336057;90;1
223.98677707989543;90;1
224.94790960371134;90;1
225.90939148833266;90;1
226.87121829197858;90;1
227.83338564629437;90;1
228.79588925487303;90;1
229.75872489181293;90;1
230.7218884003077;90;1
231.68537569126997;90;1
232.64918274198678;90;1
233.61330559480632;91;1
234.57774035585518;91;1
235.54248319378448;91;1
236.50753033854562;91;1
237.47287808019354;91;1
238.4385227677178;91;1
239.40446080789957;91;1
240.37068866419494;91;1
241.33720285564377;91;1
242.30399995580242;91;1
243.27107659170164;91;1
244.23842944282563;91;1
245.20605524011702;91;1
246.17395076500094;91;1
247.1421128484327;91;1
248.11053836996624;91;1
249.07922425684166;92;1
250.0481674830955;92;1
251.01736506868795;92;1
251.9868140786504;92;1
252.95651162225144;92;1
253.92645485218117;92;1
254.8966409637521;92;1
255.8670671941188;92;1
256.83773082151316;92;1
257.8086291644966;92;1
258.7797595812286;92;1
259.75111946874955;92;1
260.72270626228027;92;1
261.69451743453595;92;1
262.66655049505357;92;1
263.63880298953535;92;1
264.6112724992043;92;1
265.58395664017405;92;1
266.5568530628319;93;1
267.52995945123416;93;1
268.503273522515;93;1
269.47679302630604;93;1
270.4505157441695;93;1
271.42443948904184;93;1
272.39856210468946;93;1
273.3728814651754;93;1
274.34739547433634;93;1
275.3221020652711;93;1
276.29699919983887;93;1
277.2720848681681;93;1
278.24735708817445;93;1
279.2228139050893;93;1
280.1984533909971;93;1
281.17427364438225;93;1
282.15027278968535;93;1
283.1264489768665;93;1
284.10280038098045;93;1
285.07932520175655;93;1
286.05602166318926;93;1
287.0328880131367;94;1
288.00992252292497;94;1
288.98712348696307;94;1
289.96448922236294;94;1
290.94201806856813;94;1
291.9197083869891;94;1
292.89755856064613;94;1
293.8755669938182;94;1
294.85373211169923;94;1
295.832052360061;94;1
296.8105262049218;94;1
297.7891521322225;94;1
298.7679286475071;94;1
299.74685427561104;94;1
300.72592756035453;94;1
301.70514706424103;94;1
302.6845113681631;94;1
303.66401907111185;94;1
304.6436687898931;94;1
305.62345915884833;94;1
306.60338882958047;94;1
307.58345647068575;94;1
308.5636607674892;94;1
309.544000421786;94;1
310.52447415158724;94;1
311.50508069086993;95;1
312.48581878933277;95;1
313.46668721215434;95;1
314.4476847397578;95;1
315.42881016757826;95;1
316.41006230583577;95;1
317.3914399793102;95;1
318.3729420271232;95;1
319.354567302521;95;1
320.33631467266304;95;1
321.31818301841423;95;1
322.300171234139;95;1
323.2822782275023;95;1
324.26450291927057;95;1
325.24684424311886;95;1
326.2293011454402;95;1
327.2118725851577;95;1
328.19455753354185;95;1
329.1773549740288;95;1
330.16026390204314;95;1
331.14328332482347;95;1
332.1264122612511;95;1
333.1096497416809;95;1
334.09299480777617;95;1
335.0764465123455;95;1
336.060003919183;95;1
337.04366610291083;95;1
338.02743214882463;95;1
339.0113011527413;95;1
339.9952722208496;96;1
340.9793444695633;96;1
341.9635170253771;96;1
342.9477890247232;96;1
343.93215961383345;96;1
344.9166279486006;96;1
345.90119319444364;96;1
346.8858545261755;96;1
347.8706111278714;96;1
348.8554621927412;96;1
349.84040692300255;96;1
350.8254445297568;96;1
351.81057423286694;96;1
352.7957952608369;96;1
353.7811068506933;96;1
354.76650824786924;96;1
355.75199870609026;96;1
356.73757748726035;96;1
357.72324386135267;96;1
358.70899710629936;96;1
359.6948365078847;96;1
360.68076135963986;96;1
361.66677096273787;96;1
362.65286462589285;96;1
363.6390416652583;96;1
364.62530140432824;96;1
365.61164317384066;96;1
366.59806631167976;96;1
367.5845701627837;96;1
368.5711540790498;96;1
369.5578174192443;96;1
370.5445595489116;96;1
371.5313798402861;96;1
372.51827767220436;96;1
373.50525243001977;96;1
374.4923035055175;97;1
375.47943029683125;97;1
376.46663220836183;97;1
377.45390865069555;97;1
378.4412590405251;97;1
379.4286828005714;97;1
380.41617935950615;97;1
381.40374815187647;97;1
382.39138861802905;97;1
383.3791002040379;97;1
384.36688236163053;97;1
385.3547345481171;97;1
386.3426562263204;97;1
387.33064686450564;97;1
388.3187059363127;97;1
389.30683292068903;97;1
390.29502730182276;97;1
391.2832885690782;97;1
392.27161621693085;97;1
393.26000974490427;97;1
394.2484686575078;97;1
395.236992464175;97;1
396.22558067920244;97;1
397.21423282169116;97;1
398.20294841548673;97;1
399.19172698912166;97;1
400.1805680757586;97;1
401.1694712131329;97;1
402.1584359434987;97;1
403.147461813573;97;1
404.13654837448195;97;1
405.1256951817081;97;1
406.11490179503767;97;1
407.1041677785092;97;1
408.0934927003623;97;1
409.0828761329876;97;1
410.07231765287753;97;1
411.06181684057736;97;1
412.051373280637;97;1
413.0409865615637;97;1
414.03065627577575;97;1
415.0203820195554;97;1
416.0101633930048;97;1
417.0;98;1
417.3493044132516;98;1
417.7007187662467;98;1
418.0542377381703;98;1
418.409855994377;98;1
418.7675681867176;98;1
419.1273689538639;98;1
419.4892529216317;98;1
419.8532147033036;99;1
420.21924889994887;99;1
420.5873501007434;99;1
420.9575128832868;99;1
421.3297318139193;99;1
421.7040014480358;99;1
422.08031633039934;99;1
422.4586709954528;99;1
422.83905996762854;100;1
423.22147776165673;100;1
423.6059188828722;100;1
423.9923778275191;100;1
424.38084908305433;100;1
424.771327128449;100;1
425.163806434488;100;1
425.55828146406805;100;1
425.9547466724938;101;1
426.35319650777217;101;1
426.7536254109048;101;1
427.1560278161786;101;1
427.56039815145454;101;1
427.9667308384542;101;1
428.375020293045;101;1
428.78526092552295;101;1
429.19744714089353;102;1
429.6115733391509;102;1
430.02763391555476;102;1
430.4456232609055;102;1
430.865535761817;102;1
431.28736580098786;102;1
431.7111077574699;102;1
432.13675600693557;102;1
432.5643049219421;102;1
432.99374887219483;103;1
433.4250822248073;103;1
433.85829934456;103;1
434.2933945941568;103;1
434.73036233447897;103;1
435.1691969248375;103;1
435.60989272322297;103;1
436.0524440865535;103;1
436.49684537092037;104;1
436.9430909318315;104;1
437.39117512445256;104;1
437.8410923038466;104;1
438.2928368252107;104;1
438.74640304411076;104;1
439.2017853167141;104;1
439.65897800001994;104;1
440.1179754520874;104;1
440.5787720322617;105;1
441.04136210139785;105;1
441.50574002208197;105;1
441.97190015885104;105;1
442.43983687840966;105;1
442.9095445498453;105;1
443.38101754484063;105;1
443.85425023788423;105;1
444.3292370064788;106;1
444.8059722313474;106;1
445.2844502966368;106;1
445.7646655901195;106;1
446.2466125033929;106;1
446.7302854320768;106;1
447.215678776008;106;1
447.7027869394333;106;1
448.19160433119987;106;1
448.68212536494394;107;1
449.1743444592767;107;1
449.6682560379684;107;1
450.16385453013;107;1
450.66113437039303;107;1
451.1600899990868;107;1
451.66071586241367;107;1
452.1630064126223;107;1
452.66695610817834;107;1
453.1725594139334;108;1
453.6798108012917;108;1
454.1887047483743;108;1
454.69923574018156;108;1
455.21139826875356;108;1
455.72518683332777;108;1
456.24059594049555;108;1
456.7576201043555;108;1
457.27625384666567;108;1
457.796491696993;108;1
458.3183281928608;109;1
458.8417578798948;109;1
459.36677531196625;109;1
459.89337505133307;109;1
460.42155166877995;109;1
460.9512997437551;109;1
461.48261386450577;109;1
462.0154886282116;109;1
462.54991864111594;109;1
463.08589851865503;110;1
463.6234228855854;110;1
464.16248637610937;110;1
464.7030836339982;110;1
465.24520931271365;110;1
465.7888580755276;110;1
466.3340245956395;110;1
466.880703556292;110;1
467.42888965088497;110;1
467.97857758308703;110;1
468.5297620669458;111;1
469.08243782699594;111;1
469.6365995983655;111;1
470.19224212688005;111;1
470.74936016916575;111;1
471.30794849274986;111;1
471.86800187615967;111;1
472.42951510901975;111;1
472.9924829921474;111;1
473.55690033764625;112;1
474.12276196899813;112;1
474.69006272115314;112;1
475.2587974406182;112;1
475.8289609855437;112;1
476.40054822580845;112;1
476.9735540431029;112;1
477.54797333101106;112;1
478.1238009950901;112;1
478.7010319529489;112;1
479.2796611343247;112;1
479.8596834811582;113;1
480.44109394766673;113;1
481.0238875004165;113;1
481.6080591183927;113;1
482.1936037930681;113;1
482.78051652847046;113;1
483.3687923412478;113;1
483.9584262607328;113;1
484.5494133290053;113;1
485.14174860095324;113;1
485.7354271443324;114;1
486.33044403982444;114;1
486.9267943810936;114;1
487.52447327484197;114;1
488.12347584086297;114;1
488.72379721209427;114;1
489.32543253466827;114;1
489.92837696796187;114;1
490.53262568464476;114;1
491.138173870726;114;1
491.7450167255997;114;1
492.35314946208933;115;1
492.9625673064902;115;1
493.57326549861114;115;1
494.18523929181487;115;1
494.7984839530568;115;1
495.4129947629228;115;1
496.02876701566544;115;1
496.6457960192395;115;1
497.26407709533584;115;1
497.8836055794139;115;1
498.5043768207335;115;1
499.12638618238526;116;1
499.7496290413196;116;1
500.3741007883749;116;1
500.99979682830434;116;1
501.6267125798016;116;1
502.25484347552566;116;1
502.8841849621242;116;1
503.51473250025595;116;1
504.1464815646123;116;1
504.7794276439372;116;1
505.41356624104674;116;1
506.0488928728471;117;1
506.68540307035175;117;1
507.3230923786977;117;1
507.9619563571604;117;1
508.6019905791679;117;1
509.2431906323142;117;1
509.8855521183712;117;1
510.5290706533001;117;1
511.1737418672613;117;1
511.81956140462427;117;1
512.4665249239756;117;1
513.1146280981264;118;1
513.7638666141195;118;1
514.4142361732344;118;1
515.0657324909927;118;1
515.7183512971617;118;1
516.372088335758;118;1
517.0269393650491;118;1
517.6829001575557;118;1
518.3399665000516;118;1
518.998134193564;118;1
519.6573990533725;118;1
520.317756909007;118;1
520.9792036042459;119;1
521.641734997112;119;1
522.3053469598693;119;1
522.9700353790176;119;1
523.6357961552874;119;1
524.3026252036334;119;1
524.9705184532279;119;1
525.6394718474529;119;1
526.3094813438923;119;1
526.9805429143223;119;1
527.6526525447019;119;1
528.3258062351633;119;1
529.0;119;1
527.9999489470516;119;1
526.9998979013305;119;1
525.9998468628781;119;1
524.9997958317358;119;1
523.9997448079454;119;1
522.9996937915491;119;1
521.9996427825895;119;1
520.9995917811093;119;1
519.9995407871517;119;1
518.9994898007602;119;1
517.9994388219785;119;1
516.999387850851;119;1
515.999336887422;119;1
514.9992859317365;119;1
513.9992349838395;119;1
512.9991840437768;119;1
511.99913311159406;119;1
510.9990821873377;119;1
509.9990312710543;119;1
508.99898036279086;119;1
507.99892946259473;119;1
506.9988785705137;119;1
505.9988276865958;119;1
504.9987768108896;119;1
503.99872594344396;119;1
502.9986750843081;119;1
501.99862423353176;119;1
500.998573391165;119;1
499.9985225572582;119;1
498.9984717318623;119;1
497.99842091502853;119;1
496.9983701068086;119;1
495.99831930725463;119;1
494.9982685164191;119;1
493.9982177343549;119;1
492.9981669611156;119;1
491.99811619675484;119;1
490.99806544132696;119;1
489.9980146948866;119;1
488.99796395748893;119;1
487.9979132291895;119;1
486.99786251004446;119;1
485.99781180011024;119;1
484.99776109944384;119;1
483.99771040810265;119;1
482.9976597261447;119;1
481.99760905362837;119;1
480.9975583906125;119;1
479.99750773715647;119;1
478.9974570933202;119;1
477.99740645916404;119;1
476.9973558347489;119;1
475.9973052201361;119;1
474.9972546153877;119;1
473.997204020566;119;1
472.9971534357341;119;1
471.9971028609553;119;1
470.9970522962938;119;1
469.9970017418142;119;1
468.99695119758144;119;1
467.9969006636614;119;1
466.9968501401203;119;1
465.9967996270248;119;1
464.99674912444254;119;1
463.9966986324414;119;1
462.9966481510898;119;1
461.9965976804571;119;1
460.996547220613;119;1
459.99649677162785;119;1
458.9964463335725;119;1
457.9963959065188;119;1
456.99634549053883;119;1
455.99629508570536;119;1
454.9962446920921;119;1
453.99619430977305;119;1
452.99614393882297;119;1
451.99609357931746;119;1
450.9960432313326;119;1
449.9959928949452;119;1
448.99594257023267;119;1
447.99589225727334;119;1
446.99584195614597;119;1
445.99579166693024;119;1
444.99574138970644;119;1
443.9956911245555;119;1
442.9956408715594;119;1
441.9955906308004;119;1
440.9955404023619;119;1
439.99549018632786;119;1
438.99543998278307;119;1
437.995389791813;119;1
436.99533961350414;119;1
435.9952894479435;119;1
434.995239295219;119;1
433.99518915541944;119;1
432.99513902863436;119;1
431.99508891495407;119;1
430.99503881446986;119;1
429.9949887272738;119;1
428.99493865345875;119;1
427.9948885931186;119;1
426.99483854634803;119;1
425.9947885132425;119;1
424.9947384938986;119;1
423.99468848841366;119;1
422.9946384968859;119;1
421.99458851941466;119;1
420.99453855610005;119;1
419.9944886070432;119;1
418.9944386723462;119;1
417.9943887521122;119;1
416.99433884644503;119;1
415.99428895545003;119;1
414.9942390792331;119;1
413.9941892179014;119;1
412.99413937156305;119;1
411.9940895403272;119;1
410.99403972430406;119;1
409.99398992360506;119;1
408.99394013834257;119;1
407.99389036863005;119;1
406.99384061458215;119;1
405.9937908763147;119;1
404.9937411539444;119;1
403.9936914475896;119;1
402.9936417573693;119;1
401.99359208340394;119;1
400.9935424258153;119;1
399.993492784726;119;1
398.9934431602602;119;1
397.99339355254324;119;1
396.9933439617017;119;1
395.99329438786333;119;1
394.99324483115737;119;1
393.9931952917143;119;1
392.9931457696658;119;1
391.993096265145;119;1
390.9930467782866;119;1
389.99299730922627;119;1
388.9929478581013;119;1
387.99289842505044;119;1
386.9928490102137;119;1
385.9927996137328;119;1
384.99275023575075;119;1
383.99270087641196;119;1
382.99265153586265;119;1
381.99260221425027;119;1
380.99255291172386;119;1
379.9925036284343;119;1
378.9924543645338;119;1
377.99240512017616;119;1
376.99235589551716;119;1
375.99230669071363;119;1
374.9922575059246;119;1
373.99220834131074;119;1
372.9921591970341;119;1
371.99211007325886;119;1
370.99206097015076;119;1
369.9920118878774;119;1
368.99196282660813;119;1
367.9919137865143;119;1
366.9918647677689;119;1
365.991815770547;119;1
364.99176679502546;119;1
363.9917178413832;119;1
362.991668909801;119;1
361.9916200004618;119;1
360.9915711135503;119;1
359.99152224925353;119;1
358.99147340776045;119;1
357.9914245892621;119;1
356.9913757939518;119;1
355.991327022025;119;1
354.9912782736793;119;1
353.9912295491145;119;1
352.99118084853285;119;1
351.9911321721386;119;1
350.9910835201385;119;1
349.9910348927418;119;1
348.99098629015987;119;1
347.9909377126067;119;1
346.9908891602988;119;1
345.9908406334549;119;1
344.9907921322966;119;1
343.99074365704774;119;1
342.99069520793506;119;1
341.9906467851879;119;1
340.9905983890381;119;1
339.9905500197204;119;1
338.9905016774723;119;1
337.9904533625342;119;1
336.99040507514894;119;1
335.99035681556285;119;1
334.9903085840247;119;1
333.9902603807865;119;1
332.9902122061032;119;1
331.9901640602329;119;1
330.99011594343676;119;1
329.9900678559791;119;1
328.9900197981274;119;1
327.98997177015247;119;1
326.98992377232855;119;1
325.9898758049331;119;1
324.9898278682469;119;1
323.9897799625544;119;1
322.9897320881435;119;1
321.9896842453056;119;1
320.9896364343359;119;1
319.9895886555332;119;1
318.9895409091999;119;1
317.9894931956424;119;1
316.989445515171;119;1
315.9893978680996;119;1
314.98935025474657;119;1
313.98930267543403;119;1
312.9892551304881;119;1
311.98920762023954;119;1
310.9891601450229;119;1
309.98911270517715;119;1
308.9890653010459;119;1
307.989017932977;119;1
306.98897060132276;119;1
305.9889233064404;119;1
304.98887604869157;119;1
303.98882882844265;119;1
302.9887816460651;119;1
301.98873450193514;119;1
300.9886873964339;119;1
299.98864032994777;119;1
298.98859330286825;119;1
297.98854631559203;119;1
296.9884993685213;119;1
295.9884524620635;119;1
294.98840559663165;119;1
293.9883587726446;119;1
292.9883119905264;119;1
291.9882652507076;119;1
290.98821855362416;119;1
289.98817189971817;119;1
288.98812528943796;119;1
287.98807872323795;119;1
286.98803220157896;119;1
285.98798572492825;119;1
284.9879392937596;119;1
283.9878929085536;119;1
282.98784656979745;119;1
281.98780027798534;119;1
280.98775403361856;119;1
279.9877078372054;119;1
278.9876616892616;119;1
277.9876155903102;119;1
276.9875695408819;119;1
275.9875235415151;119;1
274.9874775927559;119;1
273.9874316951584;119;1
272.98738584928503;119;1
271.98734005570617;119;1
270.9872943150009;119;1
269.9872486277566;119;1
268.9872029945697;119;1
267.98715741604536;119;1
266.98711189279777;119;1
265.98706642545034;119;1
264.9870210146361;119;1
263.98697566099753;119;1
262.9869303651868;119;1
261.98688512786623;119;1
260.98683994970804;119;1
259.986794831395;119;1
258.98674977362043;119;1
257.9867047770883;119;1
256.98665984251346;119;1
255.9866149706222;119;1
254.98657016215202;119;1
253.98652541785196;119;1
252.98648073848312;119;1
251.98643612481845;119;1
250.98639157764347;119;1
249.98634709775598;119;1
248.9863026859669;119;1
247.9862583431;119;1
246.98621406999254;119;1
245.98616986749528;119;1
244.98612573647293;119;1
243.98608167780435;119;1
242.98603769238295;119;1
241.98599378111675;119;1
240.98594994492905;119;1
239.9859061847583;119;1
238.9858625015589;119;1
237.98581889630114;119;1
236.9857753699717;119;1
235.985731923574;119;1
234.98568855812863;119;1
233.9856452746734;119;1
232.98560207426428;119;1
231.98555895797512;119;1
230.9855159268986;119;1
229.9854729821462;119;1
228.98543012484902;119;1
227.98538735615782;119;1
226.9853446772438;119;1
225.9853020892988;119;1
224.9852595935359;119;1
223.9852171911897;119;1
222.9851748835172;119;1
221.98513267179786;119;1
220.9850905573343;119;1
219.985048541453;119;1
218.9850066255045;119;1
217.98496481086408;119;1
216.98492309893257;119;1
215.9848814911367;119;1
214.98483998892956;119;1
213.98479859379162;119;1
212.98475730723095;119;1
211.98471613078436;119;1
210.98467506601753;119;1
209.98463411452607;119;1
208.9845932779361;119;1
207.98455255790518;119;1
206.98451195612262;119;1
205.9844714743107;119;1
204.9844311142254;119;1
203.98439087765695;119;1
202.98435076643094;119;1
201.98431078240904;119;1
200.98427092749012;119;1
199.98423120361102;119;1
198.98419161274737;119;1
197.98415215691477;119;1
196.98411283816986;119;1
195.98407365861112;119;1
194.98403462038016;119;1
193.98399572566265;119;1
192.98395697668977;119;1
191.98391837573897;119;1
190.98387992513548;119;1
189.98384162725355;119;1
188.9838034845176;119;1
187.98376549940372;119;1
186.98372767444084;119;1
185.98369001221238;119;1
184.9836525153577;119;1
183.9836151865734;119;1
182.98357802861503;119;1
181.98354104429885;119;1
180.98350423650322;119;1
179.98346760817054;119;1
178.98343116230893;119;1
177.98339490199422;119;1
176.98335883037163;119;1
175.9833229506579;119;1
174.98328726614335;119;1
173.98325178019397;119;1
172.98321649625348;119;1
171.98318141784577;119;1
170.98314654857722;119;1
169.9831118921389;119;1
168.98307745230952;119;1
167.98304323295747;119;1
166.9830092380441;119;1
165.98297547162602;119;1
164.98294193785824;119;1
163.98290864099715;119;1
162.98287558540363;119;1
161.9828427755462;119;1
160.98281021600445;119;1
159.98277791147237;119;1
158.9827458667623;119;1
157.98271408680813;119;1
156.98268257666962;119;1
155.98265134153635;119;1
154.98262038673175;119;1
153.98258971771747;119;1
152.98255934009816;119;1
151.98252925962575;119;1
150.98249948220484;119;1
149.98247001389728;119;1
148.98244086092765;119;1
147.98241202968904;119;1
146.98238352674827;119;1
145.9823553588522;119;1
144.98232753293382;119;1
143.9823000561188;119;1
142.98227293573206;119;1
141.9822461793049;119;1
140.9822197945823;119;1
139.98219378953067;119;1
138.9821681723456;119;1
137.98214295146013;119;1
136.98211813555386;119;1
135.98209373356158;119;1
134.98206975468273;119;1
133.9820462083915;119;1
132.9820231044471;119;1
131.98200045290446;119;1
130.98197826412556;119;1
129.98195654879126;119;1
128.98193531791378;119;1
127.98191458284933;119;1
126.981894355312;119;1
125.98187464738764;119;1
124.98185547154915;119;1
123.98183684067169;119;1
122.98181876804911;119;1
121.98180126741131;119;1
120.98178435294226;119;1
119.98176803929852;119;1
118.98175234162954;119;1
117.98173727559835;119;1
116.9817228574036;119;1
115.98170910380256;119;1
114.98169603213539;119;1
113.98168366035094;119;1
112.98167200703337;119;1
111.9816610914307;119;1
110.9816509334846;119;1
109.98164155386225;119;1
108.98163297398914;119;1
107.98162521608447;119;1
106.9816183031982;119;1
105.98161225925031;119;1
104.98160710907217;119;1
103.98160287845023;119;1
102.98159959417252;119;1
101.98159728407792;119;1
100.98159597710787;119;1
99.9815957033616;119;1
98.98159649415487;119;1
97.98159838208167;119;1
96.98160140108033;119;1
95.98160558650346;119;1
94.98161097519264;119;1
93.98161760555716;119;1
92.98162551765874;119;1
91.98163475330117;119;1
90.98164535612608;119;1
89.98165737171496;119;1
88.98167084769844;119;1
87.98168583387223;119;1
86.9817023823222;119;1
85.98172054755695;119;1
84.98174038665063;119;1
83.98176195939584;119;1
82.98178532846704;119;1
81.9818105595965;119;1
80.98183772176301;119;1
79.98186688739506;119;1
78.98189813258874;119;1
77.98193153734321;119;1
76.98196718581411;119;1
75.98200516658704;119;1
74.98204557297288;119;1
73.98208850332705;119;1
72.98213406139527;119;1
71.98218235668779;119;1
70.98223350488529;119;1
69.98228762827978;119;1
68.98234485625375;119;1
67.98240532580164;119;1
66.98246918209769;119;1
65.98253657911586;119;1
64.98260768030696;119;1
63.982682659338636;119;1
62.98276170090668;119;1
61.982845001624256;119;1
60.982932770998985;119;1
59.983025232507295;119;1
58.98312262477847;119;1
57.983225202900755;119;1
56.98333323986577;119;1
55.98344702816627;119;1
54.98356688156949;119;1
53.983693137086924;119;1
52.98382615716738;118;1
51.98396633214246;118;1
50.98411408296041;118;1
49.9842698642478;118;1
48.984434167745555;118;1
47.98460752617516;118;1
46.98479051759782;118;1
45.98498377034245;118;1
44.98518796859014;118;1
43.98540385872042;118;1
42.98563225654243;118;1
41.985874055559265;118;1
40.9861302364409;118;1
39.98640187791751;118;1
38.98669016934844;118;1
37.98699642527481;118;1
36.9873221023303;118;1
35.987668818969674;118;1
34.9880383785769;118;1
33.98843279664894;118;1
32.98885433291814;118;1
31.98930552949346;118;1
30.98978925637753;118;1
29.990308766078485;118;1
28.990867759509662;118;1
27.991470465994563;118;1
26.99212174102915;117;1
25.992827186573;117;1
24.99359330016757;117;1
23.994427661270272;117;1
22.995339166107247;117;1
21.99633832644196;117;1
20.997437653506992;117;1
19.99865215681161;117;1
19.0;117;1
19.0;117;1
19.0;117;1
19.0;117;1
19.0;117;1
19.0;117;1
19.0;117;1
19.0;117;1
19.0;117;1
19.0;117;1
